<?xml version="1.0"?>
<doc>
    <assembly>
        <name>Skybrud.ImagePicker</name>
    </assembly>
    <members>
        <member name="T:Skybrud.ImagePicker.Extensions.PublishedContentExtensions">
            <summary>
            Various extension methods for <see cref="T:Umbraco.Core.Models.IPublishedContent"/> and the image picker.
            </summary>
        </member>
        <member name="M:Skybrud.ImagePicker.Extensions.PublishedContentExtensions.GetImagePickerItem(Umbraco.Core.Models.IPublishedContent,System.String)">
            <summary>
            Gets the first item from an <see cref="T:Skybrud.ImagePicker.ImagePickerList"/> model from the property with the specified
            <code>propertyAlias</code>. If property isn't an image picker (or the list is empty), an empty item will be
            returned instead.
            </summary>
            <param name="content">An instance of <see cref="T:Umbraco.Core.Models.IPublishedContent"/> to read the property from.</param>
            <param name="propertyAlias">The alias of the property.</param>
            <returns>Returns an instance of <see cref="T:Skybrud.ImagePicker.ImagePickerItem"/>.</returns>
        </member>
        <member name="M:Skybrud.ImagePicker.Extensions.PublishedContentExtensions.GetImagePickerList(Umbraco.Core.Models.IPublishedContent,System.String)">
            <summary>
            Gets an instance of <see cref="T:Skybrud.ImagePicker.ImagePickerList"/> from the property with the specified <code>propertyAlias</code>.
            </summary>
            <param name="content">An instance of <see cref="T:Umbraco.Core.Models.IPublishedContent"/> to read the property from.</param>
            <param name="propertyAlias">The alias of the property.</param>
            <returns>Returns an instance of <see cref="T:Skybrud.ImagePicker.ImagePickerList"/>.</returns>
        </member>
        <member name="T:Skybrud.ImagePicker.Grid.Config.GridEditorImagePickerConfig">
            <summary>
            Class representing the configuration of a image picker.
            </summary>
        </member>
        <member name="M:Skybrud.ImagePicker.Grid.Config.GridEditorImagePickerConfig.Parse(Skybrud.Umbraco.GridData.GridEditor,Newtonsoft.Json.Linq.JObject)">
            <summary>
            Gets an instance of <see cref="T:Skybrud.ImagePicker.Grid.Config.GridEditorImagePickerConfig"/> from the specified <see cref="T:Newtonsoft.Json.Linq.JObject"/>.
            </summary>
            <param name="editor">The parent editor.</param>
            <param name="obj">The instance of <see cref="T:Newtonsoft.Json.Linq.JObject"/> to be parsed.</param>
        </member>
        <member name="P:Skybrud.ImagePicker.Grid.Config.GridEditorImagePickerConfig.Editor">
            <summary>
            Gets a reference to the parent editor.
            </summary>
        </member>
        <member name="T:Skybrud.ImagePicker.Grid.Config.GridEditorImagePickerTitleConfig">
            <summary>
            Class representing the title configuration of a image picker.
            </summary>
        </member>
        <member name="M:Skybrud.ImagePicker.Grid.Config.GridEditorImagePickerTitleConfig.Parse(Newtonsoft.Json.Linq.JObject)">
            <summary>
            Gets an instance of <see cref="T:Skybrud.ImagePicker.Grid.Config.GridEditorImagePickerTitleConfig"/> from the specified <see cref="T:Newtonsoft.Json.Linq.JObject"/>.
            </summary>
            <param name="obj">The instance of <see cref="T:Newtonsoft.Json.Linq.JObject"/> to be parsed.</param>
        </member>
        <member name="P:Skybrud.ImagePicker.Grid.Config.GridEditorImagePickerTitleConfig.Show">
            <summary>
            Gets whether the title of the image picker list should be shown.
            </summary>
        </member>
        <member name="M:Skybrud.ImagePicker.Grid.Converters.ImagePickerGridConverter.ConvertControlValue(Skybrud.Umbraco.GridData.GridControl,Newtonsoft.Json.Linq.JToken,Skybrud.Umbraco.GridData.Interfaces.IGridControlValue@)">
            <summary>
            Converts the specified <code>token</code> into an instance of <see cref="T:Skybrud.Umbraco.GridData.Interfaces.IGridControlValue"/>.
            </summary>
            <param name="control">A reference to the parent <see cref="T:Skybrud.Umbraco.GridData.GridControl"/>.</param>
            <param name="token">The instance of <see cref="T:Newtonsoft.Json.Linq.JToken"/> representing the control value.</param>
            <param name="value">The converted control value.</param>
        </member>
        <member name="M:Skybrud.ImagePicker.Grid.Converters.ImagePickerGridConverter.GetControlWrapper(Skybrud.Umbraco.GridData.GridControl,Skybrud.Umbraco.GridData.Rendering.GridControlWrapper@)">
            <summary>
            Gets an instance <see cref="T:Skybrud.Umbraco.GridData.Rendering.GridControlWrapper"/> for the specified <code>control</code>.
            </summary>
            <param name="control">The control to be wrapped.</param>
            <param name="wrapper">The wrapper.</param>
        </member>
        <member name="T:Skybrud.ImagePicker.ImagePickerList">
            <summary>
            Class representing an image picker list.
            </summary>
        </member>
        <member name="M:Skybrud.ImagePicker.ImagePickerList.#ctor">
            <summary>
            Initializes a new instance with an empty model.
            </summary>
        </member>
        <member name="M:Skybrud.ImagePicker.ImagePickerList.#ctor(Newtonsoft.Json.Linq.JObject)">
            <summary>
            Initializes a new instance based on the specified <see cref="P:Skybrud.ImagePicker.ImagePickerList.JObject"/>.
            </summary>
            <param name="obj">An instance of <see cref="P:Skybrud.ImagePicker.ImagePickerList.JObject"/> representing the image picker list.</param>
        </member>
        <member name="M:Skybrud.ImagePicker.ImagePickerList.Parse(Newtonsoft.Json.Linq.JObject)">
            <summary>
            Parses the specified <see cref="P:Skybrud.ImagePicker.ImagePickerList.JObject"/> into an instance of <see cref="T:Skybrud.ImagePicker.ImagePickerList"/>.
            </summary>
            <param name="obj">The instance of <see cref="P:Skybrud.ImagePicker.ImagePickerList.JObject"/> to be parsed.</param>
            <returns>Returns an instance of <see cref="T:Skybrud.ImagePicker.ImagePickerList"/>, or <code>null</code> if <code>obj</code> is
            <code>null</code>.</returns>
        </member>
        <member name="M:Skybrud.ImagePicker.ImagePickerList.Deserialize(System.String)">
            <summary>
            Parses the specified JSON <code>str</code> into an instance of <see cref="T:Skybrud.ImagePicker.ImagePickerList"/>. If
            <code>str</code> is not a valid JSON object, an empty instance of <see cref="T:Skybrud.ImagePicker.ImagePickerList"/> will be returned instead.
            </summary>
            <param name="str">The JSON string to be parsed.</param>
            <returns>Returns an instance of <see cref="T:Skybrud.ImagePicker.ImagePickerList"/>.</returns>
        </member>
        <member name="P:Skybrud.ImagePicker.ImagePickerList.JObject">
            <summary>
            Gets a reference to the <see cref="P:Skybrud.ImagePicker.ImagePickerList.JObject"/> the list was parsed from.
            </summary>
        </member>
        <member name="P:Skybrud.ImagePicker.ImagePickerList.Title">
            <summary>
            Gets the title of the list.
            </summary>
        </member>
        <member name="P:Skybrud.ImagePicker.ImagePickerList.HasTitle">
            <summary>
            Gets whether a title has been specified for the list.
            </summary>
        </member>
        <member name="P:Skybrud.ImagePicker.ImagePickerList.Items">
            <summary>
            Gets an array of all valid items of the list.
            </summary>
        </member>
        <member name="P:Skybrud.ImagePicker.ImagePickerList.HasItems">
            <summary>
            Gets whether the list hs any valid items.
            </summary>
        </member>
        <member name="P:Skybrud.ImagePicker.ImagePickerList.Count">
            <summary>
            Gets the total amount of items in the list.
            </summary>
        </member>
        <member name="M:Skybrud.ImagePicker.Grid.Values.GridControlImagePickerValue.Parse(Skybrud.Umbraco.GridData.GridControl,Newtonsoft.Json.Linq.JObject)">
            <summary>
            Gets an instance of <see cref="T:Skybrud.ImagePicker.Grid.Values.GridControlImagePickerValue"/> from the specified <see cref="T:Newtonsoft.Json.Linq.JObject"/>.
            </summary>
            <param name="control">The parent control.</param>
            <param name="obj">The instance of <see cref="T:Newtonsoft.Json.Linq.JObject"/> to be parsed.</param>
        </member>
        <member name="P:Skybrud.ImagePicker.Grid.Values.GridControlImagePickerValue.Control">
            <summary>
            Gets a reference to the parent control.
            </summary>
        </member>
        <member name="T:Skybrud.ImagePicker.ImagePickerItem">
            <summary>
            Class representing an item in an image picker list.
            </summary>
        </member>
        <member name="M:Skybrud.ImagePicker.ImagePickerItem.#ctor">
            <summary>
            Initializes an empty image picker item.
            </summary>
        </member>
        <member name="M:Skybrud.ImagePicker.ImagePickerItem.#ctor(Umbraco.Core.Models.IPublishedContent,System.String,System.String,Skybrud.LinkPicker.LinkPickerItem)">
            <summary>
            Initializes a new image picker item based on the specified <code>image</code>, <code>title</code>, <code>description</code> and <code>link</code>.
            </summary>
            <param name="image">An instance of <see cref="T:Umbraco.Core.Models.IPublishedContent"/> representing the selected image.</param>
            <param name="title">The title of the item.</param>
            <param name="description">The description of the item.</param>
            <param name="link">An instance of <see cref="T:Skybrud.LinkPicker.LinkPickerItem"/> representing the link of the item.</param>
        </member>
        <member name="M:Skybrud.ImagePicker.ImagePickerItem.#ctor(Newtonsoft.Json.Linq.JObject)">
            <summary>
            Initializes a new image picker item based on the specified <see cref="P:Skybrud.ImagePicker.ImagePickerItem.JObject"/>.
            </summary>
            <param name="obj">An instanceo of <see cref="P:Skybrud.ImagePicker.ImagePickerItem.JObject"/> representing the item.</param>
        </member>
        <member name="M:Skybrud.ImagePicker.ImagePickerItem.Parse(Newtonsoft.Json.Linq.JObject)">
            <summary>
            Parses the specified <see cref="P:Skybrud.ImagePicker.ImagePickerItem.JObject"/> into an instance of <see cref="T:Skybrud.ImagePicker.ImagePickerItem"/>.
            </summary>
            <param name="obj">The instance of <see cref="P:Skybrud.ImagePicker.ImagePickerItem.JObject"/> to be parsed.</param>
            <returns>Returns an instance of <see cref="T:Skybrud.ImagePicker.ImagePickerItem"/>, or <code>null</code> if <code>obj</code> is
            <code>null</code>.</returns>
        </member>
        <member name="P:Skybrud.ImagePicker.ImagePickerItem.JObject">
            <summary>
            Gets a reference to the <see cref="P:Skybrud.ImagePicker.ImagePickerItem.JObject"/> the item was parsed from.
            </summary>
        </member>
        <member name="P:Skybrud.ImagePicker.ImagePickerItem.Image">
            <summary>
            Gets a reference to the selected image.
            </summary>
        </member>
        <member name="P:Skybrud.ImagePicker.ImagePickerItem.HasImage">
            <summary>
            Gets whether an image has been selected for this item.
            </summary>
        </member>
        <member name="P:Skybrud.ImagePicker.ImagePickerItem.Title">
            <summary>
            Gets the title of this item.
            </summary>
        </member>
        <member name="P:Skybrud.ImagePicker.ImagePickerItem.HasTitle">
            <summary>
            Gets whether a title has been specified for this item.
            </summary>
        </member>
        <member name="P:Skybrud.ImagePicker.ImagePickerItem.Description">
            <summary>
            Gets the description of this item.
            </summary>
        </member>
        <member name="P:Skybrud.ImagePicker.ImagePickerItem.HasDescription">
            <summary>
            Gets whether a description has been specified for this item.
            </summary>
        </member>
        <member name="P:Skybrud.ImagePicker.ImagePickerItem.Link">
            <summary>
            Gets a reference to the selected <see cref="T:Skybrud.LinkPicker.LinkPickerItem"/>.
            </summary>
        </member>
        <member name="P:Skybrud.ImagePicker.ImagePickerItem.HasLink">
            <summary>
            Gets whether a valid link has been specified for this item.
            </summary>
        </member>
        <member name="P:Skybrud.ImagePicker.ImagePickerItem.IsValid">
            <summary>
            Gets whether the item is valid. Since an item can exist without a title, description or link, but must have
            an image, this property equals calling <see cref="P:Skybrud.ImagePicker.ImagePickerItem.HasImage"/>.
            </summary>
        </member>
    </members>
</doc>
