<?xml version="1.0"?>
<doc>
    <assembly>
        <name>Skybrud.ImagePicker</name>
    </assembly>
    <members>
        <member name="T:Skybrud.ImagePicker.Extensions.PublishedContentExtensions">
            <summary>
            Various extension methods for <see cref="T:Umbraco.Core.Models.IPublishedContent"/> and the image picker.
            </summary>
        </member>
        <member name="M:Skybrud.ImagePicker.Extensions.PublishedContentExtensions.GetImagePickerItem(Umbraco.Core.Models.IPublishedContent,System.String)">
            <summary>
            Gets the first item from an <see cref="T:Skybrud.ImagePicker.ImagePickerList"/> model from the property with the specified
            <paramref name="propertyAlias"/>. If property isn't an image picker (or the list is empty), an empty item will be
            returned instead.
            </summary>
            <param name="content">An instance of <see cref="T:Umbraco.Core.Models.IPublishedContent"/> to read the property from.</param>
            <param name="propertyAlias">The alias of the property.</param>
            <returns>An instance of <see cref="T:Skybrud.ImagePicker.ImagePickerItem"/>.</returns>
        </member>
        <member name="M:Skybrud.ImagePicker.Extensions.PublishedContentExtensions.GetImagePickerList(Umbraco.Core.Models.IPublishedContent,System.String)">
            <summary>
            Gets an instance of <see cref="T:Skybrud.ImagePicker.ImagePickerList"/> from the property with the specified <paramref name="propertyAlias"/>.
            </summary>
            <param name="content">An instance of <see cref="T:Umbraco.Core.Models.IPublishedContent"/> to read the property from.</param>
            <param name="propertyAlias">The alias of the property.</param>
            <returns>An instance of <see cref="T:Skybrud.ImagePicker.ImagePickerList"/>.</returns>
        </member>
        <member name="T:Skybrud.ImagePicker.Grid.Config.GridEditorImagePickerConfig">
            <summary>
            Class representing the configuration of a image picker.
            </summary>
        </member>
        <member name="P:Skybrud.ImagePicker.Grid.Config.GridEditorImagePickerConfig.Editor">
            <summary>
            Gets a reference to the parent editor.
            </summary>
        </member>
        <member name="M:Skybrud.ImagePicker.Grid.Config.GridEditorImagePickerConfig.Parse(Skybrud.Umbraco.GridData.GridEditor,Newtonsoft.Json.Linq.JObject)">
            <summary>
            Gets an instance of <see cref="T:Skybrud.ImagePicker.Grid.Config.GridEditorImagePickerConfig"/> from the specified <see cref="T:Newtonsoft.Json.Linq.JObject"/>.
            </summary>
            <param name="editor">The parent editor.</param>
            <param name="obj">The instance of <see cref="T:Newtonsoft.Json.Linq.JObject"/> to be parsed.</param>
        </member>
        <member name="T:Skybrud.ImagePicker.Grid.Config.GridEditorImagePickerTitleConfig">
            <summary>
            Class representing the title configuration of a image picker.
            </summary>
        </member>
        <member name="P:Skybrud.ImagePicker.Grid.Config.GridEditorImagePickerTitleConfig.Show">
            <summary>
            Gets whether the title of the image picker list should be shown.
            </summary>
        </member>
        <member name="M:Skybrud.ImagePicker.Grid.Config.GridEditorImagePickerTitleConfig.Parse(Newtonsoft.Json.Linq.JObject)">
            <summary>
            Gets an instance of <see cref="T:Skybrud.ImagePicker.Grid.Config.GridEditorImagePickerTitleConfig"/> from the specified <see cref="T:Newtonsoft.Json.Linq.JObject"/>.
            </summary>
            <param name="obj">The instance of <see cref="T:Newtonsoft.Json.Linq.JObject"/> to be parsed.</param>
        </member>
        <member name="T:Skybrud.ImagePicker.Grid.Converters.ImagePickerGridConverter">
            <summary>
            Grid converter for the ImagePicker.
            </summary>
        </member>
        <member name="M:Skybrud.ImagePicker.Grid.Converters.ImagePickerGridConverter.ConvertControlValue(Skybrud.Umbraco.GridData.GridControl,Newtonsoft.Json.Linq.JToken,Skybrud.Umbraco.GridData.Interfaces.IGridControlValue@)">
            <summary>
            Converts the specified <paramref name="token"/> into an instance of <see cref="T:Skybrud.Umbraco.GridData.Interfaces.IGridControlValue"/>.
            </summary>
            <param name="control">A reference to the parent <see cref="T:Skybrud.Umbraco.GridData.GridControl"/>.</param>
            <param name="token">The instance of <see cref="T:Newtonsoft.Json.Linq.JToken"/> representing the control value.</param>
            <param name="value">The converted control value.</param>
        </member>
        <member name="M:Skybrud.ImagePicker.Grid.Converters.ImagePickerGridConverter.ConvertEditorConfig(Skybrud.Umbraco.GridData.GridEditor,Newtonsoft.Json.Linq.JToken,Skybrud.Umbraco.GridData.Interfaces.IGridEditorConfig@)">
            <summary>
            Converts the specified <paramref name="token"/> into an instance of <see cref="T:Skybrud.Umbraco.GridData.Interfaces.IGridEditorConfig"/>.
            </summary>
            <param name="editor">A reference to the parent <see cref="T:Skybrud.Umbraco.GridData.GridEditor"/>.</param>
            <param name="token">The instance of <see cref="T:Newtonsoft.Json.Linq.JToken"/> representing the editor config.</param>
            <param name="config">The converted editor config.</param>
        </member>
        <member name="M:Skybrud.ImagePicker.Grid.Converters.ImagePickerGridConverter.GetControlWrapper(Skybrud.Umbraco.GridData.GridControl,Skybrud.Umbraco.GridData.Rendering.GridControlWrapper@)">
            <summary>
            Gets an instance <see cref="T:Skybrud.Umbraco.GridData.Rendering.GridControlWrapper"/> for the specified <paramref name="control"/>.
            </summary>
            <param name="control">The control to be wrapped.</param>
            <param name="wrapper">The wrapper.</param>
        </member>
        <member name="T:Skybrud.ImagePicker.Grid.Values.GridControlImagePickerValue">
            <summary>
            Class representing the value of an ImagePicker control in the Umbraco grid.
            </summary>
        </member>
        <member name="P:Skybrud.ImagePicker.Grid.Values.GridControlImagePickerValue.Control">
            <summary>
            Gets a reference to the parent control.
            </summary>
        </member>
        <member name="M:Skybrud.ImagePicker.Grid.Values.GridControlImagePickerValue.#ctor(Skybrud.Umbraco.GridData.GridControl,Newtonsoft.Json.Linq.JObject)">
            <summary>
            Initializes a enw instance based on the specified <paramref name="control"/> and <paramref name="obj"/>.
            </summary>
            <param name="control">The parent control.</param>
            <param name="obj">The instance of <see cref="T:Newtonsoft.Json.Linq.JObject"/> to be parsed.</param>
        </member>
        <member name="M:Skybrud.ImagePicker.Grid.Values.GridControlImagePickerValue.GetSearchableText">
            <summary>
            Gets the searchable text for this image picker value.
            </summary>
        </member>
        <member name="M:Skybrud.ImagePicker.Grid.Values.GridControlImagePickerValue.Parse(Skybrud.Umbraco.GridData.GridControl,Newtonsoft.Json.Linq.JObject)">
            <summary>
            Gets an instance of <see cref="T:Skybrud.ImagePicker.Grid.Values.GridControlImagePickerValue"/> from the specified <see cref="T:Newtonsoft.Json.Linq.JObject"/>.
            </summary>
            <param name="control">The parent control.</param>
            <param name="obj">The instance of <see cref="T:Newtonsoft.Json.Linq.JObject"/> to be parsed.</param>
        </member>
        <member name="T:Skybrud.ImagePicker.ImagePickerImage">
            <summary>
            Class with information about a selected image.
            </summary>
        </member>
        <member name="P:Skybrud.ImagePicker.ImagePickerImage.Image">
            <summary>
            Gets a reference to the underlying instance of <see cref="T:Umbraco.Core.Models.IPublishedContent"/>.
            </summary>
        </member>
        <member name="P:Skybrud.ImagePicker.ImagePickerImage.Width">
            <summary>
            Gets the width of the image.
            </summary>
        </member>
        <member name="P:Skybrud.ImagePicker.ImagePickerImage.Height">
            <summary>
            Gets the height of the image.
            </summary>
        </member>
        <member name="P:Skybrud.ImagePicker.ImagePickerImage.Url">
            <summary>
            Gets the URL of the image.
            </summary>
        </member>
        <member name="P:Skybrud.ImagePicker.ImagePickerImage.CropUrl">
            <summary>
            Gets the crop URL of the image.
            </summary>
        </member>
        <member name="M:Skybrud.ImagePicker.ImagePickerImage.#ctor(Umbraco.Core.Models.IPublishedContent)">
            <summary>
            Initializes a new instance based on the specified <paramref name="content"/>.
            </summary>
            <param name="content">An instance of <see cref="T:Umbraco.Core.Models.IPublishedContent"/> representing the selected image.</param>
        </member>
        <member name="M:Skybrud.ImagePicker.ImagePickerImage.GetCropUrl(System.Nullable{System.Int32},System.Nullable{System.Int32},System.String,System.String,System.Nullable{System.Int32},System.Nullable{Umbraco.Web.Models.ImageCropMode},System.Nullable{Umbraco.Web.Models.ImageCropAnchor},System.Boolean,System.Boolean,System.Boolean,System.String,System.Nullable{Umbraco.Web.Models.ImageCropRatioMode},System.Boolean)">
            <summary>
            Return a crop URL of the image based on the specified parameters.
            </summary>
            <param name="width">The width of the output image.</param>
            <param name="height">The height of the output image.</param>
            <param name="propertyAlias">Property alias of the property containing the Json data.</param>
            <param name="cropAlias">The crop alias.</param>
            <param name="quality">Quality percentage of the output image.</param>
            <param name="imageCropMode">The image crop mode.</param>
            <param name="imageCropAnchor">The image crop anchor.</param>
            <param name="preferFocalPoint">Use focal point, to generate an output image using the focal point instead of the predefined crop.</param>
            <param name="useCropDimensions">Use crop dimensions to have the output image sized according to the predefined crop sizes, this will override the width and height parameters.</param>
            <param name="cacheBuster">Add a serialised date of the last edit of the item to ensure client cache refresh when updated.</param>
            <param name="furtherOptions">The further options.</param>
            <param name="ratioMode">Use a dimension as a ratio.</param>
            <param name="upScale">If the image should be upscaled to requested dimensions.</param>
            <returns>Returns a string with the crop URL.</returns>
        </member>
        <member name="M:Skybrud.ImagePicker.ImagePickerImage.GetFromContent(Umbraco.Core.Models.IPublishedContent)">
            <summary>
            Parses the specified <paramref name="content"/> into an instance of <see cref="T:Skybrud.ImagePicker.ImagePickerImage"/>.
            </summary>
            <param name="content">The instance of <see cref="T:Skybrud.ImagePicker.ImagePickerImage"/> to be parsed.</param>
            <returns>Returns an instance of <see cref="T:Skybrud.ImagePicker.ImagePickerImage"/>, or <c>null</c> if
            <paramref name="content"/> is <c>null</c>.</returns>
        </member>
        <member name="M:Skybrud.ImagePicker.ImagePickerImage.GetFromId(System.Int32)">
            <summary>
            Gets a reference to the image with the specified <paramref name="imageId"/>.
            </summary>
            <param name="imageId">The ID of the image..</param>
            <returns>Returns an instance of <see cref="T:Skybrud.ImagePicker.ImagePickerImage"/>, or <c>null</c> if the image could not
            be found.</returns>
        </member>
        <member name="T:Skybrud.ImagePicker.ImagePickerItem">
            <summary>
            Class representing an item in an image picker list.
            </summary>
        </member>
        <member name="P:Skybrud.ImagePicker.ImagePickerItem.JObject">
            <summary>
            Gets a reference to the <see cref="P:Skybrud.ImagePicker.ImagePickerItem.JObject"/> the item was parsed from.
            </summary>
        </member>
        <member name="P:Skybrud.ImagePicker.ImagePickerItem.Image">
            <summary>
            Gets a reference to the selected image.
            </summary>
        </member>
        <member name="P:Skybrud.ImagePicker.ImagePickerItem.HasImage">
            <summary>
            Gets whether an image has been selected for this item.
            </summary>
        </member>
        <member name="P:Skybrud.ImagePicker.ImagePickerItem.ImageId">
            <summary>
            Gets the ID of the image.
            </summary>
        </member>
        <member name="P:Skybrud.ImagePicker.ImagePickerItem.Title">
            <summary>
            Gets the title of this item.
            </summary>
        </member>
        <member name="P:Skybrud.ImagePicker.ImagePickerItem.HasTitle">
            <summary>
            Gets whether a title has been specified for this item.
            </summary>
        </member>
        <member name="P:Skybrud.ImagePicker.ImagePickerItem.Description">
            <summary>
            Gets the description of this item.
            </summary>
        </member>
        <member name="P:Skybrud.ImagePicker.ImagePickerItem.HasDescription">
            <summary>
            Gets whether a description has been specified for this item.
            </summary>
        </member>
        <member name="P:Skybrud.ImagePicker.ImagePickerItem.Link">
            <summary>
            Gets a reference to the selected <see cref="T:Skybrud.LinkPicker.LinkPickerItem"/>.
            </summary>
        </member>
        <member name="P:Skybrud.ImagePicker.ImagePickerItem.HasLink">
            <summary>
            Gets whether a valid link has been specified for this item.
            </summary>
        </member>
        <member name="P:Skybrud.ImagePicker.ImagePickerItem.IsValid">
            <summary>
            Gets whether the item is valid. Since an item can exist without a title, description or link, but must have
            an image, this property equals calling <see cref="P:Skybrud.ImagePicker.ImagePickerItem.HasImage"/>.
            </summary>
        </member>
        <member name="M:Skybrud.ImagePicker.ImagePickerItem.#ctor">
            <summary>
            Initializes an empty image picker item.
            </summary>
        </member>
        <member name="M:Skybrud.ImagePicker.ImagePickerItem.#ctor(Skybrud.ImagePicker.ImagePickerImage,System.String,System.String,Skybrud.LinkPicker.LinkPickerItem)">
            <summary>
            Initializes a new image picker item based on the specified <paramref name="image"/>, <paramref name="title"/>,
            <paramref name="description"/> and <paramref name="link"/>.
            </summary>
            <param name="image">An instance of <see cref="T:Umbraco.Core.Models.IPublishedContent"/> representing the selected image.</param>
            <param name="title">The title of the item.</param>
            <param name="description">The description of the item.</param>
            <param name="link">An instance of <see cref="T:Skybrud.LinkPicker.LinkPickerItem"/> representing the link of the item.</param>
        </member>
        <member name="M:Skybrud.ImagePicker.ImagePickerItem.#ctor(Skybrud.ImagePicker.ImagePickerImage,System.String,System.String,Skybrud.LinkPicker.LinkPickerItem,System.Boolean)">
            <summary>
            Initializes a new image picker item based on the specified <paramref name="image"/>, <paramref name="title"/>,
            <paramref name="description"/> and <paramref name="link"/>.
            </summary>
            <param name="image">An instance of <see cref="T:Umbraco.Core.Models.IPublishedContent"/> representing the selected image.</param>
            <param name="title">The title of the item.</param>
            <param name="description">The description of the item.</param>
            <param name="link">An instance of <see cref="T:Skybrud.LinkPicker.LinkPickerItem"/> representing the link of the item.</param>
            <param name="noCrop">The NoCrop property value</param>
        </member>
        <member name="M:Skybrud.ImagePicker.ImagePickerItem.#ctor(Newtonsoft.Json.Linq.JObject)">
            <summary>
            Initializes a new image picker item based on the specified <see cref="P:Skybrud.ImagePicker.ImagePickerItem.JObject"/>.
            </summary>
            <param name="obj">An instanceo of <see cref="P:Skybrud.ImagePicker.ImagePickerItem.JObject"/> representing the item.</param>
        </member>
        <member name="M:Skybrud.ImagePicker.ImagePickerItem.Parse(Newtonsoft.Json.Linq.JObject)">
            <summary>
            Parses the specified <see cref="P:Skybrud.ImagePicker.ImagePickerItem.JObject"/> into an instance of <see cref="T:Skybrud.ImagePicker.ImagePickerItem"/>.
            </summary>
            <param name="obj">The instance of <see cref="P:Skybrud.ImagePicker.ImagePickerItem.JObject"/> to be parsed.</param>
            <returns>An instance of <see cref="T:Skybrud.ImagePicker.ImagePickerItem"/>, or <c>null</c> if <paramref name="obj"/> is
            <c>null</c>.</returns>
        </member>
        <member name="T:Skybrud.ImagePicker.ImagePickerList">
            <summary>
            Class representing an image picker list.
            </summary>
        </member>
        <member name="P:Skybrud.ImagePicker.ImagePickerList.JObject">
            <summary>
            Gets a reference to the <see cref="P:Skybrud.ImagePicker.ImagePickerList.JObject"/> the list was parsed from.
            </summary>
        </member>
        <member name="P:Skybrud.ImagePicker.ImagePickerList.Title">
            <summary>
            Gets the title of the list.
            </summary>
        </member>
        <member name="P:Skybrud.ImagePicker.ImagePickerList.HasTitle">
            <summary>
            Gets whether a title has been specified for the list.
            </summary>
        </member>
        <member name="P:Skybrud.ImagePicker.ImagePickerList.Items">
            <summary>
            Gets an array of all valid items of the list.
            </summary>
        </member>
        <member name="P:Skybrud.ImagePicker.ImagePickerList.HasItems">
            <summary>
            Gets whether the list hs any valid items.
            </summary>
        </member>
        <member name="P:Skybrud.ImagePicker.ImagePickerList.Count">
            <summary>
            Gets the total amount of items in the list.
            </summary>
        </member>
        <member name="P:Skybrud.ImagePicker.ImagePickerList.IsValid">
            <summary>
            Gets whether the image picker list is valid (alias of <see cref="P:Skybrud.ImagePicker.ImagePickerList.HasItems"/>).
            </summary>
        </member>
        <member name="M:Skybrud.ImagePicker.ImagePickerList.#ctor">
            <summary>
            Initializes a new instance with an empty model.
            </summary>
        </member>
        <member name="M:Skybrud.ImagePicker.ImagePickerList.#ctor(Newtonsoft.Json.Linq.JObject)">
            <summary>
            Initializes a new instance based on the specified <see cref="P:Skybrud.ImagePicker.ImagePickerList.JObject" />.
            </summary>
            <param name="obj">An instance of <see cref="P:Skybrud.ImagePicker.ImagePickerList.JObject" /> representing the image picker list.</param>
        </member>
        <member name="M:Skybrud.ImagePicker.ImagePickerList.Parse(Newtonsoft.Json.Linq.JObject)">
            <summary>
            Parses the specified <see cref="P:Skybrud.ImagePicker.ImagePickerList.JObject"/> into an instance of <see cref="T:Skybrud.ImagePicker.ImagePickerList"/>.
            </summary>
            <param name="obj">The instance of <see cref="P:Skybrud.ImagePicker.ImagePickerList.JObject"/> to be parsed.</param>
            <returns>An instance of <see cref="T:Skybrud.ImagePicker.ImagePickerList"/>, or <c>null</c> if <paramref name="obj"/> is
            <c>null</c>.</returns>
        </member>
        <member name="M:Skybrud.ImagePicker.ImagePickerList.Deserialize(System.String)">
            <summary>
            Parses the specified JSON <paramref name="str"/> into an instance of <see cref="T:Skybrud.ImagePicker.ImagePickerList"/>. If
            <paramref name="str"/> is not a valid JSON object, an empty instance of <see cref="T:Skybrud.ImagePicker.ImagePickerList"/> will
            be returned instead.
            </summary>
            <param name="str">The JSON string to be parsed.</param>
            <returns>An instance of <see cref="T:Skybrud.ImagePicker.ImagePickerList"/>.</returns>
        </member>
    </members>
</doc>
